{"accuracy": [0.029999999329447746, 0.06916666775941849, 0.06499999761581421, 0.06750000268220901, 0.06833333522081375, 0.06499999761581421, 0.0833333358168602, 0.0808333307504654, 0.08250000327825546, 0.10000000149011612, 0.07916666567325592, 0.0949999988079071, 0.10499999672174454, 0.11249999701976776, 0.1066666692495346, 0.10750000178813934, 0.12583333253860474, 0.11249999701976776, 0.14083333313465118, 0.12999999523162842], "val_accuracy": [0.04749999940395355, 0.07500000298023224, 0.04749999940395355, 0.05000000074505806, 0.057500001043081284, 0.05249999836087227, 0.05999999865889549, 0.05999999865889549, 0.0625, 0.05249999836087227, 0.0625, 0.07000000029802322, 0.05000000074505806, 0.05000000074505806, 0.06499999761581421, 0.0625, 0.054999999701976776, 0.0625, 0.07249999791383743, 0.06750000268220901], "loss": [3.1279542446136475, 3.0262415409088135, 3.0001187324523926, 2.9888408184051514, 2.9744436740875244, 2.961831569671631, 2.9513981342315674, 2.9402759075164795, 2.9327774047851562, 2.9150307178497314, 2.931215524673462, 2.9045066833496094, 2.901034355163574, 2.882852077484131, 2.891256332397461, 2.880425214767456, 2.852295160293579, 2.8549416065216064, 2.824734926223755, 2.8270928859710693], "val_loss": [3.0139169692993164, 3.0102057456970215, 3.011397361755371, 3.0104830265045166, 3.0083582401275635, 3.0162394046783447, 3.0166513919830322, 3.0194907188415527, 3.0202722549438477, 3.0232038497924805, 3.0297555923461914, 3.0307812690734863, 3.0323281288146973, 3.0321707725524902, 3.0377798080444336, 3.038287878036499, 3.047738552093506, 3.0523383617401123, 3.0567877292633057, 3.053842067718506], "epochs": [1, 2, 3, 4, 5, 6, 7, 8, 9, 10, 11, 12, 13, 14, 15, 16, 17, 18, 19, 20]}