{"accuracy": [0.059166666120290756, 0.0625, 0.0625, 0.06499999761581421, 0.07333333045244217, 0.07583333551883698, 0.0741666629910469, 0.06833333522081375, 0.07916666567325592, 0.07999999821186066, 0.0808333307504654, 0.08833333104848862, 0.0949999988079071, 0.0949999988079071, 0.09166666865348816, 0.09333333373069763, 0.0925000011920929, 0.10499999672174454, 0.11416666954755783], "val_accuracy": [0.027499999850988388, 0.04500000178813934, 0.042500000447034836, 0.04749999940395355, 0.057500001043081284, 0.05999999865889549, 0.05000000074505806, 0.0625, 0.05249999836087227, 0.04749999940395355, 0.04749999940395355, 0.05000000074505806, 0.042500000447034836, 0.04749999940395355, 0.057500001043081284, 0.06499999761581421, 0.057500001043081284, 0.07000000029802322, 0.057500001043081284], "loss": [3.057644844055176, 3.0061144828796387, 2.999466896057129, 2.9940128326416016, 2.9698545932769775, 2.9667625427246094, 2.9744772911071777, 2.9559004306793213, 2.9649739265441895, 2.9436471462249756, 2.9336965084075928, 2.9378583431243896, 2.9069690704345703, 2.9404797554016113, 2.9105138778686523, 2.9049482345581055, 2.896122694015503, 2.8776793479919434, 2.851853132247925], "val_loss": [3.0011837482452393, 2.997100591659546, 3.0019288063049316, 2.990649461746216, 2.9938173294067383, 2.9982030391693115, 2.9938769340515137, 2.9999887943267822, 2.9999892711639404, 3.008012294769287, 3.0162203311920166, 3.014630079269409, 3.015293836593628, 3.0183184146881104, 3.0162975788116455, 3.0202133655548096, 3.021557569503784, 3.026163101196289, 3.0344812870025635], "epochs": [1, 2, 3, 4, 5, 6, 7, 8, 9, 10, 11, 12, 13, 14, 15, 16, 17, 18, 19]}